{
  "positive_ema": {
    "code": {
      "temperature": 0.3672279999999999,
      "top_p": 0.8584034999999999,
      "top_k": 50.0,
      "frequency_penalty": 0.11680699999999998,
      "presence_penalty": 0.11680699999999998,
      "repetition_penalty": 1.0168069999999998
    }
  },
  "negative_ema": {
    "code": {
      "temperature": 1.3655439999999999,
      "top_p": 0.9665543999999999,
      "top_k": 50.0,
      "frequency_penalty": 0.11680699999999998,
      "presence_penalty": 0.11680699999999998,
      "repetition_penalty": 1.0168069999999998
    }
  },
  "sample_counts": {
    "code": 10
  }
}